first_name,last_name,birthdate,email,password,check_strong
James,Wright,1950-11-15,james.wright@example.com,wright1950,0
Daniel,Anderson,1964-12-12,daniel.anderson@example.com,anderson1964,0
Anna,Hernandez,1951-07-21,anna.hernandez@example.com,hernandez1951,0
Chris,Clark,2005-02-19,chris.clark@example.com,clark2005,0
Chris,Lee,1973-07-22,chris.lee@example.com,lee1973,0
Daniel,Clark,1966-06-08,daniel.clark@example.com,jj7f^IFLN,0
Matthew,Galuaran,1974-03-28,matthew.galuaran@example.com,matthew0328,0
Emma,Martinez,1985-10-21,emma.martinez@example.com,O3JS*TUE0,0
Michael,Wright,1950-04-12,michael.wright@example.com,CYSy^DVLJ,0
James,Doe,1981-08-20,james.doe@example.com,james0820,0
John,Young,1998-10-20,john.young@example.com,john1020,0
Elijah,Young,2010-11-03,elijah.young@example.com,a3Er&HFHZ,0
Mary,Smith,1990-07-04,mary.smith@example.com,mary0704,0
Lance,Robinson,1990-02-25,lance.robinson@example.com,robinson1990,0
James,Galuaran,1986-07-03,james.galuaran@example.com,james0703,0
David,Wright,1959-06-04,david.wright@example.com,vJOa#GLNK,0
Michael,Clark,1967-05-23,michael.clark@example.com,8dTb^YJ59,0
Joshua,Anderson,1951-12-25,joshua.anderson@example.com,05Pa#C8EW,0
Sophia,Doe,1980-03-15,sophia.doe@example.com,Ikqh@PJIR,0
Sophia,Smith,1965-10-18,sophia.smith@example.com,sophia1018,0
Emma,Lee,1966-10-12,emma.lee@example.com,emma1012,0
Olivia,Onnagan,2005-10-22,olivia.onnagan@example.com,nepX#EQDZ,0
John,Garcia,1987-01-15,john.garcia@example.com,john0115,0
John,Young,1991-04-24,john.young@example.com,john0424,0
Joshua,King,1975-05-16,joshua.king@example.com,king1975,0
Matthew,Quibin,1959-08-20,matthew.quibin@example.com,quibin1959,0
Michael,Lee,1954-07-23,michael.lee@example.com,lee1954,0
Anna,Walker,1969-07-13,anna.walker@example.com,walker1969,0
Elijah,Onnagan,1954-03-07,elijah.onnagan@example.com,jSvb&7C94,0
Joshua,Wright,1988-06-01,joshua.wright@example.com,BHp2@XCIX,0
Sophia,Lee,2006-12-22,sophia.lee@example.com,cmze^BBFR,0
Mia,Johnson,1970-01-02,mia.johnson@example.com,johnson1970,0
Ezekiel,Lee,2006-07-09,ezekiel.lee@example.com,rdin%WCTS,0
Anna,Lee,1962-04-28,anna.lee@example.com,lee1962,0
Emily,Clark,1994-03-18,emily.clark@example.com,S3Os&6OWX,0
Michael,Lewis,1994-01-20,michael.lewis@example.com,michael0120,0
Lance,Doe,1956-04-28,lance.doe@example.com,lance0428,0
Anna,Martinez,1959-04-23,anna.martinez@example.com,martinez1959,0
Matthew,Quibin,1985-01-25,matthew.quibin@example.com,quibin1985,0
Emma,Lewis,1985-05-08,emma.lewis@example.com,lewis1985,0
Ezekiel,Garcia,1992-07-09,ezekiel.garcia@example.com,CXoY^D9UL,0
Ezekiel,Garcia,1975-03-02,ezekiel.garcia@example.com,CMoR#GBBF,0
Olivia,Johnson,1951-08-13,olivia.johnson@example.com,olivia0813,0
Joshua,Wright,2005-02-17,joshua.wright@example.com,wright2005,0
Michael,Johnson,1998-01-22,michael.johnson@example.com,johnson1998,0
John,Onnagan,1986-11-07,john.onnagan@example.com,onnagan1986,0
Chris,Onnagan,2003-01-20,chris.onnagan@example.com,utA2%2SS0,0
Chris,Garcia,1969-09-08,chris.garcia@example.com,garcia1969,0
Joshua,Brown,1966-08-19,joshua.brown@example.com,A9gx$WTW1,0
Daniel,Lee,1969-03-10,daniel.lee@example.com,lee1969,0
Isabella,Robinson,1955-09-14,isabella.robinson@example.com,robinson1955,0
Isabella,Martinez,2006-01-02,isabella.martinez@example.com,isabella0102,0
Daniel,Martinez,1960-07-04,daniel.martinez@example.com,daniel0704,0
Emily,Anderson,1977-06-12,emily.anderson@example.com,z9ag&UT5V,0
John,Lewis,1961-05-19,john.lewis@example.com,iyGl&TZQL,0
Emily,Clark,1951-02-18,emily.clark@example.com,TubQ^H5TU,0
Anna,Lewis,1969-02-19,anna.lewis@example.com,pEMd%NM6S,0
Daniel,Hernandez,1981-08-05,daniel.hernandez@example.com,hernandez1981,0
James,Walker,1983-03-12,james.walker@example.com,james0312,0
Chris,Lewis,1964-12-26,chris.lewis@example.com,UMqG#34VB,0
Lance,Lee,2001-05-03,lance.lee@example.com,lee2001,0
Daniel,Lee,1961-06-06,daniel.lee@example.com,lee1961,0
Mia,Quibin,1971-11-03,mia.quibin@example.com,8GIq!VOZ2,0
James,Lee,1952-08-26,james.lee@example.com,Rb58!FUEZ,0
Lance,Brown,1990-01-13,lance.brown@example.com,brown1990,0
James,Quibin,1955-06-22,james.quibin@example.com,quibin1955,0
Mary,Johnson,1956-11-17,mary.johnson@example.com,johnson1956,0
Daniel,Doe,1954-04-01,daniel.doe@example.com,mWw1!1Y6L,0
Isabella,Johnson,2007-06-17,isabella.johnson@example.com,gZS0@1F8S,0
Isabella,Anderson,1982-09-28,isabella.anderson@example.com,7qIB$TXHL,0
Michael,Walker,1994-06-18,michael.walker@example.com,michael0618,0
Isabella,Clark,2008-01-11,isabella.clark@example.com,clark2008,0
Chris,King,1950-06-20,chris.king@example.com,asRX*4K7Y,0
Emma,Johnson,1960-09-21,emma.johnson@example.com,uJZc#N38C,0
Jane,Martinez,1951-01-01,jane.martinez@example.com,jane0101,0
Mia,Anderson,1998-06-20,mia.anderson@example.com,anderson1998,0
Mary,Quibin,1992-11-01,mary.quibin@example.com,6a4v&KLER,0
Isabella,Hernandez,1974-12-16,isabella.hernandez@example.com,hernandez1974,0
Lance,Garcia,1955-12-20,lance.garcia@example.com,garcia1955,0
Jane,Hernandez,1956-07-13,jane.hernandez@example.com,hernandez1956,0
Joshua,Doe,1957-02-28,joshua.doe@example.com,wtMW@FYLS,0
Sophia,Galuaran,1973-08-03,sophia.galuaran@example.com,laIN&Q8PA,0
Emma,Onnagan,1962-10-07,emma.onnagan@example.com,emma1007,0
Anna,Quibin,1990-02-04,anna.quibin@example.com,ctwm^2LFO,0
Lance,Hernandez,1988-08-04,lance.hernandez@example.com,lance0804,0
Anna,Clark,1973-11-15,anna.clark@example.com,anna1115,0
Chris,Clark,1989-09-10,chris.clark@example.com,clark1989,0
Elijah,Doe,2008-09-02,elijah.doe@example.com,elijah0902,0
Emma,Lee,1995-05-04,emma.lee@example.com,liCF!O0KX,0
Jane,Doe,1995-08-09,jane.doe@example.com,jane0809,0
Chris,Quibin,1957-10-12,chris.quibin@example.com,chris1012,0
Daniel,Galuaran,2003-10-05,daniel.galuaran@example.com,galuaran2003,0
Mia,Clark,1996-07-02,mia.clark@example.com,mia0702,0
Olivia,Smith,1969-02-13,olivia.smith@example.com,smith1969,0
John,Brown,1958-05-20,john.brown@example.com,brown1958,0
Chris,Young,1992-10-15,chris.young@example.com,young1992,0
Michael,Galuaran,2000-08-05,michael.galuaran@example.com,f5Ea@EFT9,0
Mia,Robinson,1970-07-08,mia.robinson@example.com,robinson1970,0
Joshua,King,1950-05-12,joshua.king@example.com,vaLO^4C6T,0
Isabella,Hall,2007-12-02,isabella.hall@example.com,L4JB@FRFO,0
Lance,Walker,1985-10-23,lance.walker@example.com,TYnA^TMB6,0
James,Anderson,1974-10-01,james.anderson@example.com,P9io%JCVF,0
James,Doe,1988-03-20,james.doe@example.com,doe1988,0
Sophia,Walker,1989-10-18,sophia.walker@example.com,walker1989,0
Mary,Lewis,1965-12-01,mary.lewis@example.com,vBN3^NGD2,0
Anna,Galuaran,1960-08-09,anna.galuaran@example.com,anna0809,0
Emily,Lee,1995-02-17,emily.lee@example.com,emily0217,0
Jane,Lewis,1953-11-18,jane.lewis@example.com,kdKS!7B9Y,0
Michael,Smith,2010-09-01,michael.smith@example.com,hxrN#EBPD,0
Lance,Young,1973-03-28,lance.young@example.com,5Q8E^NQ9P,0
Sophia,Brown,1974-03-21,sophia.brown@example.com,Eby5$35XQ,0
David,Doe,1963-06-26,david.doe@example.com,doe1963,0
Joshua,Hernandez,1970-04-07,joshua.hernandez@example.com,u8Bo!VFC5,0
Sophia,Lewis,1965-12-04,sophia.lewis@example.com,XCxo@YSK8,0
James,Quibin,1959-12-25,james.quibin@example.com,kIs2&XK8N,0
Elijah,Quibin,2001-06-18,elijah.quibin@example.com,FqhT*MMS8,0
Matthew,Garcia,1955-10-22,matthew.garcia@example.com,matthew1022,0
David,Onnagan,1957-08-10,david.onnagan@example.com,NoBA@22BH,0
Emily,Young,1975-04-23,emily.young@example.com,0ldG^61MR,0
John,Quibin,1993-09-08,john.quibin@example.com,quibin1993,0
David,Wright,1998-11-09,david.wright@example.com,david1109,0
Emily,Smith,2006-07-23,emily.smith@example.com,smith2006,0
Joshua,Lewis,1971-09-25,joshua.lewis@example.com,joshua0925,0
David,Martinez,1974-05-05,david.martinez@example.com,david0505,0
David,Anderson,1978-02-22,david.anderson@example.com,dWaW%4O78,0
Mia,Hernandez,1993-12-08,mia.hernandez@example.com,mia1208,0
Anna,Lee,1981-07-01,anna.lee@example.com,yUjg&EIAH,0
Elijah,Young,2006-12-15,elijah.young@example.com,young2006,0
Jane,Hernandez,1974-11-01,jane.hernandez@example.com,hernandez1974,0
Elijah,Martinez,2007-06-15,elijah.martinez@example.com,ZPi2!AJT6,0
Matthew,Robinson,1964-05-14,matthew.robinson@example.com,robinson1964,0
Jane,Lewis,1979-06-02,jane.lewis@example.com,jane0602,0
Isabella,Galuaran,2005-10-03,isabella.galuaran@example.com,GClB^YWZ9,0
Michael,Robinson,2008-08-15,michael.robinson@example.com,robinson2008,0
Ezekiel,Garcia,1974-11-19,ezekiel.garcia@example.com,ezekiel1119,0
Anna,Walker,1969-12-12,anna.walker@example.com,cN5I!I0DA,0
James,Anderson,1997-09-13,james.anderson@example.com,KDp0*WS2F,0
Daniel,Young,1983-05-16,daniel.young@example.com,U7OQ$ZSE9,0
Ezekiel,Walker,1954-10-17,ezekiel.walker@example.com,ezekiel1017,0
Michael,Quibin,1952-12-04,michael.quibin@example.com,y2UW&XTIL,0
Mary,Garcia,1972-07-24,mary.garcia@example.com,garcia1972,0
Jane,Onnagan,1956-05-22,jane.onnagan@example.com,jane0522,0
James,Smith,1993-08-23,james.smith@example.com,Xyoy^QCK2,0
John,Lee,2001-06-06,john.lee@example.com,QFWR&2LUH,0
Anna,Robinson,2008-01-07,anna.robinson@example.com,ExGN#RM5I,0
Ezekiel,Hall,1979-06-06,ezekiel.hall@example.com,hall1979,0
Joshua,Martinez,1969-04-04,joshua.martinez@example.com,KvVi$29JY,0
John,Walker,1953-06-16,john.walker@example.com,Chfm@VN41,0
Mary,Clark,1959-02-18,mary.clark@example.com,heYo@I4NI,0
Anna,Quibin,1991-12-14,anna.quibin@example.com,aVan!HY0J,0
Emma,King,1972-11-17,emma.king@example.com,emma1117,0
James,Walker,1981-04-08,james.walker@example.com,walker1981,0
Emily,Onnagan,1950-10-26,emily.onnagan@example.com,gGxp&UTX1,0
Olivia,Doe,1973-06-24,olivia.doe@example.com,doe1973,0
Anna,Martinez,1983-09-24,anna.martinez@example.com,martinez1983,0
Jane,Onnagan,1999-03-23,jane.onnagan@example.com,Xeg3#81Z7,0
Isabella,Smith,1996-07-19,isabella.smith@example.com,isabella0719,0
Emma,Galuaran,1972-05-05,emma.galuaran@example.com,galuaran1972,0
Anna,King,2003-05-19,anna.king@example.com,anna0519,0
Isabella,Smith,1955-05-13,isabella.smith@example.com,isabella0513,0
James,Lee,1959-12-28,james.lee@example.com,james1228,0
Daniel,Anderson,1982-03-11,daniel.anderson@example.com,anderson1982,0
Isabella,Hall,1984-06-23,isabella.hall@example.com,5zHR%IN2T,0
Matthew,Martinez,2005-11-07,matthew.martinez@example.com,matthew1107,0
James,Martinez,1958-02-18,james.martinez@example.com,james0218,0
Emma,Walker,1972-07-14,emma.walker@example.com,8D2W#MP96,0
Chris,Clark,1984-10-05,chris.clark@example.com,cR0P*L6JK,0
James,Brown,1959-12-09,james.brown@example.com,brown1959,0
Isabella,Robinson,1986-09-18,isabella.robinson@example.com,71fS@EKIM,0
Lance,Garcia,1952-12-12,lance.garcia@example.com,garcia1952,0
Joshua,Lewis,1975-11-06,joshua.lewis@example.com,h6pQ#FXVH,0
Mary,Garcia,1990-02-19,mary.garcia@example.com,wMlz$SNHK,0
Chris,Clark,1957-12-18,chris.clark@example.com,clark1957,0
Anna,Wright,2006-11-25,anna.wright@example.com,sT7P%YZ92,0
Mia,Martinez,2003-04-04,mia.martinez@example.com,IqXb#1FV8,0
Emma,Anderson,1976-10-01,emma.anderson@example.com,PiVv*ZGOA,0
Mary,Johnson,1963-06-16,mary.johnson@example.com,mary0616,0
John,Wright,1966-11-07,john.wright@example.com,hzbU$4XKK,0
Mary,Lewis,1988-12-08,mary.lewis@example.com,mary1208,0
Joshua,Smith,1976-12-10,joshua.smith@example.com,smith1976,0
Daniel,Lewis,1975-04-14,daniel.lewis@example.com,daniel0414,0
Emily,Doe,1973-06-20,emily.doe@example.com,emily0620,0
Emily,Galuaran,1990-09-19,emily.galuaran@example.com,6p6B$V34I,0
Emma,Quibin,2006-08-26,emma.quibin@example.com,QT3i*51TU,0
David,Hall,1955-09-06,david.hall@example.com,NDdL@DZ0D,0
Mia,Lee,1997-08-28,mia.lee@example.com,Wtbe!RARR,0
Jane,Johnson,1968-05-02,jane.johnson@example.com,xFdy*05OY,0
Emily,Lewis,1972-11-13,emily.lewis@example.com,lewis1972,0
Jane,Smith,1971-04-03,jane.smith@example.com,jane0403,0
Chris,Hall,1999-04-26,chris.hall@example.com,hall1999,0
Mia,Garcia,2007-11-01,mia.garcia@example.com,5XJm$F248,0
Chris,Onnagan,1965-10-26,chris.onnagan@example.com,chris1026,0
Isabella,Lee,1989-02-19,isabella.lee@example.com,6L47&OKOI,0
Jane,Wright,1994-11-26,jane.wright@example.com,wl4u@X4ZF,0
Elijah,Anderson,1990-06-22,elijah.anderson@example.com,anderson1990,0
Matthew,Onnagan,1985-01-14,matthew.onnagan@example.com,sVDb%V8ZA,0
Emma,Walker,1988-09-26,emma.walker@example.com,Amf2%4VYW,0
John,Galuaran,1982-02-10,john.galuaran@example.com,galuaran1982,0
Mia,Walker,1992-01-26,mia.walker@example.com,JkDo*HZ6N,0
Lance,Anderson,1977-11-02,lance.anderson@example.com,anderson1977,0
Matthew,Garcia,1968-06-21,matthew.garcia@example.com,garcia1968,0
Emily,Hall,1960-02-07,emily.hall@example.com,hall1960,0
Olivia,Walker,2001-10-26,olivia.walker@example.com,fM2i$JSDL,0
Joshua,Walker,1955-02-24,joshua.walker@example.com,walker1955,0
Sophia,Onnagan,1987-04-21,sophia.onnagan@example.com,sophia0421,0
Lance,Quibin,1994-01-13,lance.quibin@example.com,zR1u!U5E3,0
Olivia,Galuaran,1959-08-03,olivia.galuaran@example.com,galuaran1959,0
John,Anderson,1989-07-10,john.anderson@example.com,john0710,0
Michael,Onnagan,1975-11-20,michael.onnagan@example.com,onnagan1975,0
Joshua,Doe,2008-06-24,joshua.doe@example.com,ZiAm#RVOK,0
Michael,Johnson,1950-05-20,michael.johnson@example.com,Ks3o&OWSX,0
Mia,Hernandez,1969-08-19,mia.hernandez@example.com,8811%MIB8,0
Joshua,Clark,1984-08-06,joshua.clark@example.com,EUaS$83EJ,0
James,Robinson,1993-05-12,james.robinson@example.com,YisG*E9C6,0
Joshua,Lee,1952-06-11,joshua.lee@example.com,5XWa!IJ8N,0
Anna,Hall,1953-10-16,anna.hall@example.com,anna1016,0
Mary,Young,1999-02-03,mary.young@example.com,mary0203,0
Emma,Robinson,1981-08-19,emma.robinson@example.com,ftNo!YS76,0
Sophia,Hernandez,1992-02-25,sophia.hernandez@example.com,XUaN!CH40,0
Elijah,Lewis,1954-05-03,elijah.lewis@example.com,p8KH*8522,0
Daniel,Robinson,1990-08-02,daniel.robinson@example.com,av7D&FM6G,0
Chris,Smith,1994-09-21,chris.smith@example.com,chris0921,0
James,Doe,1961-05-08,james.doe@example.com,2QBs^AFF3,0
Matthew,Galuaran,1969-04-09,matthew.galuaran@example.com,matthew0409,0
Michael,Robinson,1970-02-23,michael.robinson@example.com,Hde4@EQR5,0
Joshua,Galuaran,1969-03-10,joshua.galuaran@example.com,vpoT$4E8W,0
Sophia,King,1992-07-22,sophia.king@example.com,vu3q^JD0M,0
Mia,Martinez,1952-09-27,mia.martinez@example.com,mia0927,0
John,Onnagan,1958-10-26,john.onnagan@example.com,h9b3#MBDG,0
Isabella,Garcia,2006-07-21,isabella.garcia@example.com,rrwh*4FZZ,0
Emily,Johnson,1965-06-01,emily.johnson@example.com,Fuzb@ZCKK,0
Emma,Lee,1972-01-19,emma.lee@example.com,WnIb@Z52W,0
Isabella,Walker,1988-05-18,isabella.walker@example.com,isabella0518,0
Daniel,Robinson,1972-12-28,daniel.robinson@example.com,robinson1972,0
James,Galuaran,1996-11-12,james.galuaran@example.com,zDYe$8QRT,0
Anna,Galuaran,1981-04-05,anna.galuaran@example.com,FIMF&C9D9,0
Jane,Walker,1959-06-02,jane.walker@example.com,6YB8^IX8V,0
Jane,Clark,1988-07-07,jane.clark@example.com,jane0707,0
Mia,Garcia,1952-03-12,mia.garcia@example.com,MgU2&8MRX,0
Lance,Hall,1952-11-01,lance.hall@example.com,lance1101,0
Daniel,Walker,1970-03-19,daniel.walker@example.com,walker1970,0
Emma,Quibin,1968-03-03,emma.quibin@example.com,BLwm%CFQC,0
Mia,King,1981-07-09,mia.king@example.com,king1981,0
Emily,Hernandez,1953-12-20,emily.hernandez@example.com,emily1220,0
Daniel,Smith,1986-05-15,daniel.smith@example.com,smith1986,0
Mia,Brown,1996-08-03,mia.brown@example.com,mia0803,0
Olivia,King,1968-02-18,olivia.king@example.com,KCqo!0TK7,0
Emma,Smith,1991-04-20,emma.smith@example.com,q5fR%MZE2,0
Emma,Onnagan,1980-12-10,emma.onnagan@example.com,emma1210,0
Isabella,Smith,1972-05-24,isabella.smith@example.com,smith1972,0
Mia,Hall,1981-04-26,mia.hall@example.com,p7t0@SPU7,0
Mia,Lewis,2008-05-21,mia.lewis@example.com,lewis2008,0
Mia,Wright,1963-05-04,mia.wright@example.com,RxPi$YF6E,0
Jane,Doe,1992-08-22,jane.doe@example.com,LhV3*BA7I,0
Mary,Lee,1994-02-07,mary.lee@example.com,qOJL@HCME,0
Sophia,Johnson,1980-08-19,sophia.johnson@example.com,k8ya^VFPT,0
John,Clark,1997-10-16,john.clark@example.com,clark1997,0
Olivia,Lewis,1957-05-14,olivia.lewis@example.com,lewis1957,0
Mary,Quibin,2000-04-04,mary.quibin@example.com,quibin2000,0
Lance,Hall,2000-09-07,lance.hall@example.com,hrBK#8WDX,0
Olivia,Martinez,1997-08-07,olivia.martinez@example.com,VPAL$YFTN,0
Matthew,Garcia,1979-02-28,matthew.garcia@example.com,matthew0228,0
Michael,Onnagan,1979-07-23,michael.onnagan@example.com,gipq$7685,0
Isabella,Smith,1950-09-15,isabella.smith@example.com,YX7X&FJXF,0
Emma,Hall,1995-09-26,emma.hall@example.com,emma0926,0
Daniel,Martinez,1973-12-03,daniel.martinez@example.com,martinez1973,0
John,Quibin,1974-06-18,john.quibin@example.com,PuzW^GNK3,0
Olivia,Anderson,1955-07-08,olivia.anderson@example.com,BCGt@0UJ0,0
Lance,Robinson,1995-12-17,lance.robinson@example.com,pvQp&V73B,0
James,Galuaran,1958-02-07,james.galuaran@example.com,J4xO@PGOR,0
James,Smith,2004-01-03,james.smith@example.com,smith2004,0
Emily,Young,1986-07-21,emily.young@example.com,young1986,0
Emily,Smith,2007-05-27,emily.smith@example.com,smith2007,0
Emily,Clark,1969-06-09,emily.clark@example.com,v8NS*0JWC,0
Matthew,Quibin,1977-07-08,matthew.quibin@example.com,matthew0708,0
Isabella,Hall,1983-11-13,isabella.hall@example.com,UP7U&EVQ6,0
Chris,Galuaran,1957-04-11,chris.galuaran@example.com,chris0411,0
Daniel,Martinez,2007-11-21,daniel.martinez@example.com,martinez2007,0
Daniel,Brown,1950-11-14,daniel.brown@example.com,brown1950,0
Mia,Clark,1994-04-13,mia.clark@example.com,mia0413,0
Matthew,Doe,2008-02-28,matthew.doe@example.com,D3Lm@IQW1,0
Anna,Quibin,2002-07-06,anna.quibin@example.com,i78K@5OHH,0
Daniel,Wright,1997-06-03,daniel.wright@example.com,daniel0603,0
David,Young,2007-09-04,david.young@example.com,1wE2@QULH,0
Daniel,Anderson,1951-06-14,daniel.anderson@example.com,daniel0614,0
Olivia,Young,1952-06-03,olivia.young@example.com,443h!PFNC,0
Mary,Lee,1972-02-08,mary.lee@example.com,zgLs$ROGO,0
David,Martinez,1954-03-12,david.martinez@example.com,david0312,0
Mia,Hernandez,1959-04-15,mia.hernandez@example.com,mia0415,0
Matthew,King,1990-10-17,matthew.king@example.com,matthew1017,0
Emma,Johnson,1994-07-04,emma.johnson@example.com,emma0704,0
Olivia,Lewis,1981-09-17,olivia.lewis@example.com,lewis1981,0
David,King,2001-06-02,david.king@example.com,david0602,0
Chris,Anderson,1972-03-13,chris.anderson@example.com,chris0313,0
Jane,Johnson,1972-10-11,jane.johnson@example.com,fODr$34UK,0
Sophia,Martinez,1954-01-04,sophia.martinez@example.com,sophia0104,0
David,Wright,1960-04-04,david.wright@example.com,CEq5*MK03,0
Sophia,Clark,1985-01-12,sophia.clark@example.com,tXtF%EFFN,0
James,Anderson,1969-10-03,james.anderson@example.com,james1003,0
James,Martinez,1981-02-09,james.martinez@example.com,martinez1981,0
